date,league,t1,t2,bet_type,bet_line,bet_result,ROI,fair_odds,odds,House,url,status,telegram,profit,game
2 Jun 2025 17:00,CD,RED Academy,Vivo Keyd Stars Academy,over,total_kills 29.5,25.0,22.87%,1.49,1.83,BET365,url não disponível,loss,0.0,-1.0,1
2 Jun 2025 17:00,CD,RED Academy,Vivo Keyd Stars Academy,over,total_kills 29.5,39.0,22.87%,1.49,1.83,BET365,url não disponível,win,0.0,0.83,2
2 Jun 2025 17:00,CD,RED Academy,Vivo Keyd Stars Academy,over,total_kills 29.5,51.0,22.87%,1.49,1.83,BET365,url não disponível,win,0.0,0.83,3
22 Mai 2025 13:00,LFL,Karmine Corp Blue,Gentle Mates,over,total_dragons 4.5,4.0,10.82%,1.42,1.57,BET365,url não disponível,loss,0.0,-1.0,1
22 Mai 2025 13:00,LFL,Karmine Corp Blue,Gentle Mates,over,total_dragons 4.5,5.0,10.82%,1.42,1.57,BET365,url não disponível,win,0.0,0.57,2
22 Mai 2025 13:00,LFL,Karmine Corp Blue,Gentle Mates,over,total_dragons 4.5,6.0,10.82%,1.42,1.57,BET365,url não disponível,win,0.0,0.57,3
22 Mai 2025 13:00,LFL,Karmine Corp Blue,Gentle Mates,under,total_kills 27.5,18.0,7.65%,1.7,1.83,BET365,url não disponível,win,0.0,0.83,1
22 Mai 2025 13:00,LFL,Karmine Corp Blue,Gentle Mates,under,total_kills 27.5,19.0,7.65%,1.7,1.83,BET365,url não disponível,win,0.0,0.83,2
22 Mai 2025 13:00,LFL,Karmine Corp Blue,Gentle Mates,under,total_kills 27.5,48.0,7.65%,1.7,1.83,BET365,url não disponível,loss,0.0,-1.0,3
22 Mai 2025 15:00,LPLOL,For The Win Esports,Odivelas Sports Club,under,total_kills 36.5,35.0,12.30%,1.63,1.83,BET365,url não disponível,win,0.0,0.83,1
22 Mai 2025 15:00,LPLOL,For The Win Esports,Odivelas Sports Club,under,total_kills 36.5,22.0,12.30%,1.63,1.83,BET365,url não disponível,win,0.0,0.83,2
22 Mai 2025 15:00,LPLOL,For The Win Esports,Odivelas Sports Club,under,total_kills 36.5,31.0,12.30%,1.63,1.83,BET365,url não disponível,win,0.0,0.83,3
22 Mai 2025 15:00,LPLOL,For The Win Esports,Odivelas Sports Club,under,total_kills 36.5,32.0,12.30%,1.63,1.83,BET365,url não disponível,win,0.0,0.83,4
22 Mai 2025 15:00,LPLOL,For The Win Esports,Odivelas Sports Club,under,total_kills 36.5,33.0,12.30%,1.63,1.83,BET365,url não disponível,win,0.0,0.83,5
22 Mai 2025 13:00,LVP SL,Los Heretics,Barça eSports,under,total_kills 31.5,38.0,8.66%,1.68,1.83,BET365,url não disponível,loss,0.0,-1.0,1
22 Mai 2025 13:00,LVP SL,Los Heretics,Barça eSports,under,total_kills 31.5,39.0,8.66%,1.68,1.83,BET365,url não disponível,loss,0.0,-1.0,2
22 Mai 2025 13:00,LVP SL,Los Heretics,Barça eSports,under,total_kills 31.5,32.0,8.66%,1.68,1.83,BET365,url não disponível,loss,0.0,-1.0,3
22 Mai 2025 13:00,LVP SL,Los Heretics,Barça eSports,under,total_kills 31.5,21.0,8.66%,1.68,1.83,BET365,url não disponível,win,0.0,0.83,4
22 Mai 2025 13:00,LVP SL,Los Heretics,Barça eSports,under,total_kills 31.5,25.0,8.66%,1.68,1.83,BET365,url não disponível,win,0.0,0.83,5
22 Mai 2025 13:00,LVP SL,Los Heretics,Barça eSports,under,game_duration 33.5,32.6,5.22%,1.74,1.83,BET365,url não disponível,win,0.0,0.83,1
22 Mai 2025 13:00,LVP SL,Los Heretics,Barça eSports,under,game_duration 33.5,37.73,5.22%,1.74,1.83,BET365,url não disponível,loss,0.0,-1.0,2
22 Mai 2025 13:00,LVP SL,Los Heretics,Barça eSports,under,game_duration 33.5,32.57,5.22%,1.74,1.83,BET365,url não disponível,win,0.0,0.83,3
22 Mai 2025 13:00,LVP SL,Los Heretics,Barça eSports,under,game_duration 33.5,26.83,5.22%,1.74,1.83,BET365,url não disponível,win,0.0,0.83,4
22 Mai 2025 13:00,LVP SL,Los Heretics,Barça eSports,under,game_duration 33.5,33.98,5.22%,1.74,1.83,BET365,url não disponível,loss,0.0,-1.0,5
22 Mai 2025 13:00,NLC,Los Ratones,Verdant,over,total_towers 11.5,12.0,5.80%,1.52,1.61,BET365,url não disponível,win,0.0,0.61,1
22 Mai 2025 13:00,NLC,Los Ratones,Verdant,over,total_towers 11.5,11.0,5.80%,1.52,1.61,BET365,url não disponível,loss,0.0,-1.0,2
22 Mai 2025 13:00,NLC,Los Ratones,Verdant,over,total_towers 11.5,14.0,5.80%,1.52,1.61,BET365,url não disponível,win,0.0,0.61,3
22 Mai 2025 13:00,NLC,Los Ratones,Verdant,over,total_inhibitors 1.5,3.0,12.64%,1.47,1.66,BET365,url não disponível,win,0.0,0.66,1
22 Mai 2025 13:00,NLC,Los Ratones,Verdant,over,total_inhibitors 1.5,2.0,12.64%,1.47,1.66,BET365,url não disponível,win,0.0,0.66,2
22 Mai 2025 13:00,NLC,Los Ratones,Verdant,over,total_inhibitors 1.5,3.0,12.64%,1.47,1.66,BET365,url não disponível,win,0.0,0.66,3
23 Mai 2025 05:00,LCK,Gen.G,DRX,over,total_towers 11.5,9.0,6.87%,2.45,2.62,BET365,url não disponível,loss,0.0,-1.0,1
23 Mai 2025 05:00,LCK,Gen.G,DRX,over,total_towers 11.5,12.0,6.87%,2.45,2.62,BET365,url não disponível,win,0.0,1.62,2
23 Mai 2025 05:00,LCK,Gen.G,DRX,over,total_kills 25.5,29.0,16.54%,1.57,1.83,BET365,url não disponível,win,0.0,0.83,1
23 Mai 2025 05:00,LCK,Gen.G,DRX,over,total_kills 25.5,32.0,16.54%,1.57,1.83,BET365,url não disponível,win,0.0,0.83,2
23 Mai 2025 05:00,LCK,Gen.G,DRX,over,game_duration 29.5,26.3,7.87%,1.7,1.83,BET365,url não disponível,loss,0.0,-1.0,1
23 Mai 2025 05:00,LCK,Gen.G,DRX,over,game_duration 29.5,37.28,7.87%,1.7,1.83,BET365,url não disponível,win,0.0,0.83,2
23 Mai 2025 05:00,LCK,Gen.G,DRX,under,total_inhibitors 1.5,1.0,15.33%,1.44,1.66,BET365,url não disponível,win,0.0,0.66,1
23 Mai 2025 05:00,LCK,Gen.G,DRX,under,total_inhibitors 1.5,1.0,15.33%,1.44,1.66,BET365,url não disponível,win,0.0,0.66,2
23 Mai 2025 05:00,LCK,Gen.G,DRX,over,total_barons 1.5,0.0,62.11%,4.94,8.0,BET365,url não disponível,loss,0.0,-1.0,1
23 Mai 2025 05:00,LCK,Gen.G,DRX,over,total_barons 1.5,2.0,62.11%,4.94,8.0,BET365,url não disponível,win,0.0,7.0,2
23 Mai 2025 07:00,LCK,Nongshim RedForce,KT Rolster,under,total_dragons 4.5,5.0,37.55%,1.9,2.62,BET365,url não disponível,loss,0.0,-1.0,1
23 Mai 2025 07:00,LCK,Nongshim RedForce,KT Rolster,under,total_dragons 4.5,3.0,37.55%,1.9,2.62,BET365,url não disponível,win,0.0,1.62,2
23 Mai 2025 07:00,LCK,Nongshim RedForce,KT Rolster,under,total_dragons 4.5,3.0,37.55%,1.9,2.62,BET365,url não disponível,win,0.0,1.62,3
23 Mai 2025 07:00,LCK,Nongshim RedForce,KT Rolster,under,game_duration 33.5,35.17,37.25%,1.33,1.83,BET365,url não disponível,loss,0.0,-1.0,1
23 Mai 2025 07:00,LCK,Nongshim RedForce,KT Rolster,under,game_duration 33.5,27.63,37.25%,1.33,1.83,BET365,url não disponível,win,0.0,0.83,2
23 Mai 2025 07:00,LCK,Nongshim RedForce,KT Rolster,under,game_duration 33.5,30.5,37.25%,1.33,1.83,BET365,url não disponível,win,0.0,0.83,3
23 Mai 2025 07:00,LCK,Nongshim RedForce,KT Rolster,under,total_inhibitors 1.5,1.0,6.87%,2.11,2.25,BET365,url não disponível,win,0.0,1.25,1
23 Mai 2025 07:00,LCK,Nongshim RedForce,KT Rolster,under,total_inhibitors 1.5,2.0,6.87%,2.11,2.25,BET365,url não disponível,loss,0.0,-1.0,2
23 Mai 2025 07:00,LCK,Nongshim RedForce,KT Rolster,under,total_inhibitors 1.5,2.0,6.87%,2.11,2.25,BET365,url não disponível,loss,0.0,-1.0,3
23 Mai 2025 07:00,LCK,Nongshim RedForce,KT Rolster,under,total_barons 1.5,1.0,26.22%,1.21,1.53,BET365,url não disponível,win,0.0,0.53,1
23 Mai 2025 07:00,LCK,Nongshim RedForce,KT Rolster,under,total_barons 1.5,1.0,26.22%,1.21,1.53,BET365,url não disponível,win,0.0,0.53,2
23 Mai 2025 07:00,LCK,Nongshim RedForce,KT Rolster,under,total_barons 1.5,1.0,26.22%,1.21,1.53,BET365,url não disponível,win,0.0,0.53,3
23 Mai 2025 09:00,LCP,Fukuoka SoftBank HAWKS gaming,CTBC Flying Oyster,over,total_inhibitors 1.5,2.0,12.71%,1.53,1.72,BET365,url não disponível,win,0.0,0.72,1
23 Mai 2025 09:00,LCP,Fukuoka SoftBank HAWKS gaming,CTBC Flying Oyster,over,total_inhibitors 1.5,1.0,12.71%,1.53,1.72,BET365,url não disponível,loss,0.0,-1.0,2
23 Mai 2025 09:00,LCP,Fukuoka SoftBank HAWKS gaming,CTBC Flying Oyster,under,total_barons 1.5,1.0,7.33%,1.04,1.12,BET365,url não disponível,win,0.0,0.12,1
23 Mai 2025 09:00,LCP,Fukuoka SoftBank HAWKS gaming,CTBC Flying Oyster,under,total_barons 1.5,1.0,7.33%,1.04,1.12,BET365,url não disponível,win,0.0,0.12,2
23 Mai 2025 06:30,LCP,Team Secret Whales,Chiefs Esports Club,under,total_dragons 4.5,5.0,5.36%,1.16,1.22,BET365,url não disponível,loss,0.0,-1.0,1
23 Mai 2025 06:30,LCP,Team Secret Whales,Chiefs Esports Club,under,total_dragons 4.5,4.0,5.36%,1.16,1.22,BET365,url não disponível,win,0.0,0.22,2
23 Mai 2025 06:30,LCP,Team Secret Whales,Chiefs Esports Club,under,total_dragons 4.5,4.0,5.36%,1.16,1.22,BET365,url não disponível,win,0.0,0.22,3
23 Mai 2025 06:30,LCP,Team Secret Whales,Chiefs Esports Club,under,total_towers 11.5,8.0,23.70%,1.27,1.57,BET365,url não disponível,win,0.0,0.57,1
23 Mai 2025 06:30,LCP,Team Secret Whales,Chiefs Esports Club,under,total_towers 11.5,11.0,23.70%,1.27,1.57,BET365,url não disponível,win,0.0,0.57,2
23 Mai 2025 06:30,LCP,Team Secret Whales,Chiefs Esports Club,under,total_towers 11.5,9.0,23.70%,1.27,1.57,BET365,url não disponível,win,0.0,0.57,3
23 Mai 2025 06:30,LCP,Team Secret Whales,Chiefs Esports Club,under,total_kills 24.5,26.0,26.16%,1.45,1.83,BET365,url não disponível,loss,0.0,-1.0,1
23 Mai 2025 06:30,LCP,Team Secret Whales,Chiefs Esports Club,under,total_kills 24.5,19.0,26.16%,1.45,1.83,BET365,url não disponível,win,0.0,0.83,2
23 Mai 2025 06:30,LCP,Team Secret Whales,Chiefs Esports Club,under,total_kills 24.5,25.0,26.16%,1.45,1.83,BET365,url não disponível,loss,0.0,-1.0,3
23 Mai 2025 06:30,LCP,Team Secret Whales,Chiefs Esports Club,under,total_inhibitors 1.5,1.0,12.71%,1.53,1.72,BET365,url não disponível,win,0.0,0.72,1
23 Mai 2025 06:30,LCP,Team Secret Whales,Chiefs Esports Club,under,total_inhibitors 1.5,2.0,12.71%,1.53,1.72,BET365,url não disponível,loss,0.0,-1.0,2
23 Mai 2025 06:30,LCP,Team Secret Whales,Chiefs Esports Club,under,total_inhibitors 1.5,1.0,12.71%,1.53,1.72,BET365,url não disponível,win,0.0,0.72,3
23 Mai 2025 06:30,LCP,Team Secret Whales,Chiefs Esports Club,under,total_barons 1.5,0.0,11.00%,1.0,1.11,BET365,url não disponível,win,0.0,0.11,1
23 Mai 2025 06:30,LCP,Team Secret Whales,Chiefs Esports Club,under,total_barons 1.5,1.0,11.00%,1.0,1.11,BET365,url não disponível,win,0.0,0.11,2
23 Mai 2025 06:30,LCP,Team Secret Whales,Chiefs Esports Club,under,total_barons 1.5,1.0,11.00%,1.0,1.11,BET365,url não disponível,win,0.0,0.11,3
24 Mai 2025 03:00,LCK,Hanwha Life Esports,Dplus KIA,under,total_dragons 4.5,4.0,6.25%,2.35,2.5,BET365,url não disponível,win,0.0,1.5,1
24 Mai 2025 03:00,LCK,Hanwha Life Esports,Dplus KIA,under,total_dragons 4.5,5.0,6.25%,2.35,2.5,BET365,url não disponível,loss,0.0,-1.0,2
24 Mai 2025 03:00,LCK,Hanwha Life Esports,Dplus KIA,under,total_dragons 4.5,5.0,6.25%,2.35,2.5,BET365,url não disponível,loss,0.0,-1.0,3
24 Mai 2025 03:00,LCK,Hanwha Life Esports,Dplus KIA,over,total_kills 28.5,29.0,9.80%,1.67,1.83,BET365,url não disponível,win,0.0,0.83,1
24 Mai 2025 03:00,LCK,Hanwha Life Esports,Dplus KIA,over,total_kills 28.5,32.0,9.80%,1.67,1.83,BET365,url não disponível,win,0.0,0.83,2
24 Mai 2025 03:00,LCK,Hanwha Life Esports,Dplus KIA,over,total_kills 28.5,22.0,9.80%,1.67,1.83,BET365,url não disponível,loss,0.0,-1.0,3
24 Mai 2025 03:00,LCK,Hanwha Life Esports,Dplus KIA,under,total_inhibitors 1.5,1.0,14.00%,1.67,1.9,BET365,url não disponível,win,0.0,0.9,1
24 Mai 2025 03:00,LCK,Hanwha Life Esports,Dplus KIA,under,total_inhibitors 1.5,1.0,14.00%,1.67,1.9,BET365,url não disponível,win,0.0,0.9,2
24 Mai 2025 03:00,LCK,Hanwha Life Esports,Dplus KIA,under,total_inhibitors 1.5,2.0,14.00%,1.67,1.9,BET365,url não disponível,loss,0.0,-1.0,3
24 Mai 2025 17:00,LTA N,FlyQuest,Shopify Rebellion,over,total_towers 11.5,9.0,11.16%,2.02,2.25,BET365,url não disponível,loss,0.0,-1.0,1
24 Mai 2025 17:00,LTA N,FlyQuest,Shopify Rebellion,over,total_towers 11.5,17.0,11.16%,2.02,2.25,BET365,url não disponível,win,0.0,1.25,2
24 Mai 2025 17:00,LTA N,FlyQuest,Shopify Rebellion,over,total_towers 11.5,14.0,11.16%,2.02,2.25,BET365,url não disponível,win,0.0,1.25,3
24 Mai 2025 17:00,LTA N,FlyQuest,Shopify Rebellion,under,total_kills 27.5,25.0,22.00%,1.5,1.83,BET365,url não disponível,win,0.0,0.83,1
24 Mai 2025 17:00,LTA N,FlyQuest,Shopify Rebellion,under,total_kills 27.5,45.0,22.00%,1.5,1.83,BET365,url não disponível,loss,0.0,-1.0,2
24 Mai 2025 17:00,LTA N,FlyQuest,Shopify Rebellion,under,total_kills 27.5,38.0,22.00%,1.5,1.83,BET365,url não disponível,loss,0.0,-1.0,3
24 Mai 2025 17:00,LTA N,FlyQuest,Shopify Rebellion,over,game_duration 30.5,30.13,15.46%,1.58,1.83,BET365,url não disponível,loss,0.0,-1.0,1
24 Mai 2025 17:00,LTA N,FlyQuest,Shopify Rebellion,over,game_duration 30.5,51.15,15.46%,1.58,1.83,BET365,url não disponível,win,0.0,0.83,2
24 Mai 2025 17:00,LTA N,FlyQuest,Shopify Rebellion,over,game_duration 30.5,47.88,15.46%,1.58,1.83,BET365,url não disponível,win,0.0,0.83,3
24 Mai 2025 17:00,LTA N,FlyQuest,Shopify Rebellion,under,total_inhibitors 1.5,1.0,8.33%,1.85,2.0,BET365,url não disponível,win,0.0,1.0,1
24 Mai 2025 17:00,LTA N,FlyQuest,Shopify Rebellion,under,total_inhibitors 1.5,3.0,8.33%,1.85,2.0,BET365,url não disponível,loss,0.0,-1.0,2
24 Mai 2025 17:00,LTA N,FlyQuest,Shopify Rebellion,under,total_inhibitors 1.5,4.0,8.33%,1.85,2.0,BET365,url não disponível,loss,0.0,-1.0,3
24 Mai 2025 12:00,LTA S,paiN Gaming,LOUD,under,total_dragons 4.5,5.0,20.00%,1.75,2.1,BET365,url não disponível,loss,0.0,-1.0,1
24 Mai 2025 12:00,LTA S,paiN Gaming,LOUD,under,total_dragons 4.5,6.0,20.00%,1.75,2.1,BET365,url não disponível,loss,0.0,-1.0,2
24 Mai 2025 12:00,LTA S,paiN Gaming,LOUD,under,total_dragons 4.5,4.0,20.00%,1.75,2.1,BET365,url não disponível,win,0.0,1.1,3
24 Mai 2025 12:00,LTA S,paiN Gaming,LOUD,under,total_dragons 4.5,6.0,20.00%,1.75,2.1,BET365,url não disponível,loss,0.0,-1.0,4
24 Mai 2025 12:00,LTA S,paiN Gaming,LOUD,under,total_inhibitors 1.5,1.0,22.14%,1.56,1.9,BET365,url não disponível,win,0.0,0.9,1
24 Mai 2025 12:00,LTA S,paiN Gaming,LOUD,under,total_inhibitors 1.5,2.0,22.14%,1.56,1.9,BET365,url não disponível,loss,0.0,-1.0,2
24 Mai 2025 12:00,LTA S,paiN Gaming,LOUD,under,total_inhibitors 1.5,1.0,22.14%,1.56,1.9,BET365,url não disponível,win,0.0,0.9,3
24 Mai 2025 12:00,LTA S,paiN Gaming,LOUD,under,total_inhibitors 1.5,2.0,22.14%,1.56,1.9,BET365,url não disponível,loss,0.0,-1.0,4
24 Mai 2025 12:00,LTA S,paiN Gaming,LOUD,over,total_barons 1.5,1.0,14.29%,3.5,4.0,BET365,url não disponível,loss,0.0,-1.0,1
24 Mai 2025 12:00,LTA S,paiN Gaming,LOUD,over,total_barons 1.5,1.0,14.29%,3.5,4.0,BET365,url não disponível,loss,0.0,-1.0,2
24 Mai 2025 12:00,LTA S,paiN Gaming,LOUD,over,total_barons 1.5,1.0,14.29%,3.5,4.0,BET365,url não disponível,loss,0.0,-1.0,3
24 Mai 2025 12:00,LTA S,paiN Gaming,LOUD,over,total_barons 1.5,2.0,14.29%,3.5,4.0,BET365,url não disponível,win,0.0,3.0,4
25 Mai 2025 03:00,LCK,OKSavingsBank BRION,Nongshim RedForce,under,game_duration 31.5,33.15,14.38%,1.6,1.83,BET365,url não disponível,loss,0.0,-1.0,1
25 Mai 2025 03:00,LCK,OKSavingsBank BRION,Nongshim RedForce,under,game_duration 31.5,26.52,14.38%,1.6,1.83,BET365,url não disponível,win,0.0,0.83,2
25 Mai 2025 03:00,LCK,OKSavingsBank BRION,Nongshim RedForce,under,game_duration 31.5,35.85,14.38%,1.6,1.83,BET365,url não disponível,loss,0.0,-1.0,3
25 Mai 2025 03:00,LCK,OKSavingsBank BRION,Nongshim RedForce,under,total_inhibitors 1.5,2.0,15.00%,1.74,2.0,BET365,url não disponível,loss,0.0,-1.0,1
25 Mai 2025 03:00,LCK,OKSavingsBank BRION,Nongshim RedForce,under,total_inhibitors 1.5,1.0,15.00%,1.74,2.0,BET365,url não disponível,win,0.0,1.0,2
25 Mai 2025 03:00,LCK,OKSavingsBank BRION,Nongshim RedForce,under,total_inhibitors 1.5,2.0,15.00%,1.74,2.0,BET365,url não disponível,loss,0.0,-1.0,3
25 Mai 2025 12:00,LEC,Karmine Corp,Movistar KOI,under,total_dragons 4.5,4.0,24.43%,1.9,2.37,BET365,url não disponível,win,0.0,1.37,1
25 Mai 2025 12:00,LEC,Karmine Corp,Movistar KOI,under,total_dragons 4.5,6.0,24.43%,1.9,2.37,BET365,url não disponível,loss,0.0,-1.0,2
25 Mai 2025 12:00,LEC,Karmine Corp,Movistar KOI,under,total_dragons 4.5,6.0,24.43%,1.9,2.37,BET365,url não disponível,loss,0.0,-1.0,3
25 Mai 2025 12:00,LEC,Karmine Corp,Movistar KOI,under,total_dragons 4.5,5.0,24.43%,1.9,2.37,BET365,url não disponível,loss,0.0,-1.0,4
25 Mai 2025 12:00,LEC,Karmine Corp,Movistar KOI,under,total_dragons 4.5,6.0,24.43%,1.9,2.37,BET365,url não disponível,loss,0.0,-1.0,5
25 Mai 2025 12:00,LEC,Karmine Corp,Movistar KOI,under,total_towers 12.5,10.0,49.88%,1.47,2.2,BET365,url não disponível,win,0.0,1.2,1
25 Mai 2025 12:00,LEC,Karmine Corp,Movistar KOI,under,total_towers 12.5,15.0,49.88%,1.47,2.2,BET365,url não disponível,loss,0.0,-1.0,2
25 Mai 2025 12:00,LEC,Karmine Corp,Movistar KOI,under,total_towers 12.5,13.0,49.88%,1.47,2.2,BET365,url não disponível,loss,0.0,-1.0,3
25 Mai 2025 12:00,LEC,Karmine Corp,Movistar KOI,under,total_towers 12.5,13.0,49.88%,1.47,2.2,BET365,url não disponível,loss,0.0,-1.0,4
25 Mai 2025 12:00,LEC,Karmine Corp,Movistar KOI,under,total_towers 12.5,11.0,49.88%,1.47,2.2,BET365,url não disponível,win,0.0,1.2,5
25 Mai 2025 12:00,LEC,Karmine Corp,Movistar KOI,under,total_kills 27.5,30.0,18.95%,1.54,1.83,BET365,url não disponível,loss,0.0,-1.0,1
25 Mai 2025 12:00,LEC,Karmine Corp,Movistar KOI,under,total_kills 27.5,36.0,18.95%,1.54,1.83,BET365,url não disponível,loss,0.0,-1.0,2
25 Mai 2025 12:00,LEC,Karmine Corp,Movistar KOI,under,total_kills 27.5,41.0,18.95%,1.54,1.83,BET365,url não disponível,loss,0.0,-1.0,3
25 Mai 2025 12:00,LEC,Karmine Corp,Movistar KOI,under,total_kills 27.5,29.0,18.95%,1.54,1.83,BET365,url não disponível,loss,0.0,-1.0,4
25 Mai 2025 12:00,LEC,Karmine Corp,Movistar KOI,under,total_kills 27.5,17.0,18.95%,1.54,1.83,BET365,url não disponível,win,0.0,0.83,5
25 Mai 2025 12:00,LEC,Karmine Corp,Movistar KOI,under,game_duration 33.5,34.13,29.24%,1.42,1.83,BET365,url não disponível,loss,0.0,-1.0,1
25 Mai 2025 12:00,LEC,Karmine Corp,Movistar KOI,under,game_duration 33.5,43.2,29.24%,1.42,1.83,BET365,url não disponível,loss,0.0,-1.0,2
25 Mai 2025 12:00,LEC,Karmine Corp,Movistar KOI,under,game_duration 33.5,35.95,29.24%,1.42,1.83,BET365,url não disponível,loss,0.0,-1.0,3
25 Mai 2025 12:00,LEC,Karmine Corp,Movistar KOI,under,game_duration 33.5,31.67,29.24%,1.42,1.83,BET365,url não disponível,win,0.0,0.83,4
25 Mai 2025 12:00,LEC,Karmine Corp,Movistar KOI,under,game_duration 33.5,36.33,29.24%,1.42,1.83,BET365,url não disponível,loss,0.0,-1.0,5
25 Mai 2025 12:00,LEC,Karmine Corp,Movistar KOI,under,total_inhibitors 1.5,2.0,9.69%,2.05,2.25,BET365,url não disponível,loss,0.0,-1.0,1
25 Mai 2025 12:00,LEC,Karmine Corp,Movistar KOI,under,total_inhibitors 1.5,2.0,9.69%,2.05,2.25,BET365,url não disponível,loss,0.0,-1.0,2
25 Mai 2025 12:00,LEC,Karmine Corp,Movistar KOI,under,total_inhibitors 1.5,2.0,9.69%,2.05,2.25,BET365,url não disponível,loss,0.0,-1.0,3
25 Mai 2025 12:00,LEC,Karmine Corp,Movistar KOI,under,total_inhibitors 1.5,1.0,9.69%,2.05,2.25,BET365,url não disponível,win,0.0,1.25,4
25 Mai 2025 12:00,LEC,Karmine Corp,Movistar KOI,under,total_inhibitors 1.5,2.0,9.69%,2.05,2.25,BET365,url não disponível,loss,0.0,-1.0,5
25 Mai 2025 12:00,LEC,Karmine Corp,Movistar KOI,under,total_barons 1.5,1.0,18.87%,1.12,1.33,BET365,url não disponível,win,0.0,0.33,1
25 Mai 2025 12:00,LEC,Karmine Corp,Movistar KOI,under,total_barons 1.5,3.0,18.87%,1.12,1.33,BET365,url não disponível,loss,0.0,-1.0,2
25 Mai 2025 12:00,LEC,Karmine Corp,Movistar KOI,under,total_barons 1.5,1.0,18.87%,1.12,1.33,BET365,url não disponível,win,0.0,0.33,3
25 Mai 2025 12:00,LEC,Karmine Corp,Movistar KOI,under,total_barons 1.5,1.0,18.87%,1.12,1.33,BET365,url não disponível,win,0.0,0.33,4
25 Mai 2025 12:00,LEC,Karmine Corp,Movistar KOI,under,total_barons 1.5,1.0,18.87%,1.12,1.33,BET365,url não disponível,win,0.0,0.33,5
25 Mai 2025 09:00,LPL,FunPlus Phoenix,Ninjas in Pyjamas,over,total_barons 1.5,0.0,27.50%,2.35,3.0,BET365,url não disponível,loss,0.0,-1.0,1
25 Mai 2025 09:00,LPL,FunPlus Phoenix,Ninjas in Pyjamas,over,total_barons 1.5,0.0,27.50%,2.35,3.0,BET365,url não disponível,loss,0.0,-1.0,2
25 Mai 2025 09:00,LPL,FunPlus Phoenix,Ninjas in Pyjamas,over,total_barons 1.5,0.0,27.50%,2.35,3.0,BET365,url não disponível,loss,0.0,-1.0,3
25 Mai 2025 09:00,LPL,FunPlus Phoenix,Ninjas in Pyjamas,over,total_barons 1.5,1.0,27.50%,2.35,3.0,BET365,url não disponível,loss,0.0,-1.0,4
25 Mai 2025 09:00,LPL,FunPlus Phoenix,Ninjas in Pyjamas,over,total_barons 1.5,3.0,27.50%,2.35,3.0,BET365,url não disponível,win,0.0,2.0,5
27 Mai 2025 13:00,PRM,CGN Esports,Kaufland Hangry Knights,under,total_dragons 4.5,4.0,45.07%,1.55,2.25,BET365,url não disponível,win,0.0,1.25,1
27 Mai 2025 13:00,PRM,CGN Esports,Kaufland Hangry Knights,under,total_dragons 4.5,4.0,45.07%,1.55,2.25,BET365,url não disponível,win,0.0,1.25,2
27 Mai 2025 13:00,PRM,CGN Esports,Kaufland Hangry Knights,under,total_dragons 4.5,6.0,45.07%,1.55,2.25,BET365,url não disponível,loss,0.0,-1.0,3
27 Mai 2025 13:00,PRM,CGN Esports,Kaufland Hangry Knights,under,total_dragons 4.5,4.0,45.07%,1.55,2.25,BET365,url não disponível,win,0.0,1.25,4
27 Mai 2025 13:00,PRM,CGN Esports,Kaufland Hangry Knights,under,game_duration 32.5,26.7,29.34%,1.41,1.83,BET365,url não disponível,win,0.0,0.83,1
27 Mai 2025 13:00,PRM,CGN Esports,Kaufland Hangry Knights,under,game_duration 32.5,27.92,29.34%,1.41,1.83,BET365,url não disponível,win,0.0,0.83,2
27 Mai 2025 13:00,PRM,CGN Esports,Kaufland Hangry Knights,under,game_duration 32.5,34.48,29.34%,1.41,1.83,BET365,url não disponível,loss,0.0,-1.0,3
27 Mai 2025 13:00,PRM,CGN Esports,Kaufland Hangry Knights,under,game_duration 32.5,33.87,29.34%,1.41,1.83,BET365,url não disponível,loss,0.0,-1.0,4
27 Mai 2025 13:00,PRM,CGN Esports,Kaufland Hangry Knights,under,total_barons 1.5,0.0,7.55%,1.19,1.28,BET365,url não disponível,win,0.0,0.28,1
27 Mai 2025 13:00,PRM,CGN Esports,Kaufland Hangry Knights,under,total_barons 1.5,1.0,7.55%,1.19,1.28,BET365,url não disponível,win,0.0,0.28,2
27 Mai 2025 13:00,PRM,CGN Esports,Kaufland Hangry Knights,under,total_barons 1.5,2.0,7.55%,1.19,1.28,BET365,url não disponível,loss,0.0,-1.0,3
27 Mai 2025 13:00,PRM,CGN Esports,Kaufland Hangry Knights,under,total_barons 1.5,2.0,7.55%,1.19,1.28,BET365,url não disponível,loss,0.0,-1.0,4
23 Mai 2025 13:00,LFL,Vitality.Bee,BK ROG Esports,under,total_towers 12.5,11.0,8.45%,1.48,1.61,BET365,url não disponível,win,0.0,0.61,1
23 Mai 2025 13:00,LFL,Vitality.Bee,BK ROG Esports,under,total_towers 12.5,14.0,8.45%,1.48,1.61,BET365,url não disponível,loss,0.0,-1.0,2
23 Mai 2025 13:00,LFL,Vitality.Bee,BK ROG Esports,under,total_towers 12.5,12.0,8.45%,1.48,1.61,BET365,url não disponível,win,0.0,0.61,3
23 Mai 2025 12:00,TCL,BoostGate Esports,ULF Esports,over,total_kills 32.5,29.0,26.58%,1.45,1.83,BET365,url não disponível,loss,0.0,-1.0,1
23 Mai 2025 12:00,TCL,BoostGate Esports,ULF Esports,over,total_kills 32.5,37.0,26.58%,1.45,1.83,BET365,url não disponível,win,0.0,0.83,2
23 Mai 2025 12:00,TCL,BoostGate Esports,ULF Esports,over,total_kills 32.5,73.0,26.58%,1.45,1.83,BET365,url não disponível,win,0.0,0.83,3
23 Mai 2025 12:00,TCL,BoostGate Esports,ULF Esports,over,total_kills 32.5,21.0,26.58%,1.45,1.83,BET365,url não disponível,loss,0.0,-1.0,4
23 Mai 2025 12:00,TCL,BoostGate Esports,ULF Esports,under,total_inhibitors 1.5,2.0,26.00%,1.43,1.8,BET365,url não disponível,loss,0.0,-1.0,1
23 Mai 2025 12:00,TCL,BoostGate Esports,ULF Esports,under,total_inhibitors 1.5,3.0,26.00%,1.43,1.8,BET365,url não disponível,loss,0.0,-1.0,2
23 Mai 2025 12:00,TCL,BoostGate Esports,ULF Esports,under,total_inhibitors 1.5,1.0,26.00%,1.43,1.8,BET365,url não disponível,win,0.0,0.8,3
23 Mai 2025 12:00,TCL,BoostGate Esports,ULF Esports,under,total_inhibitors 1.5,1.0,26.00%,1.43,1.8,BET365,url não disponível,win,0.0,0.8,4
23 Mai 2025 12:00,TCL,BoostGate Esports,ULF Esports,over,total_barons 1.5,1.0,5.00%,3.33,3.5,BET365,url não disponível,loss,0.0,-1.0,1
23 Mai 2025 12:00,TCL,BoostGate Esports,ULF Esports,over,total_barons 1.5,1.0,5.00%,3.33,3.5,BET365,url não disponível,loss,0.0,-1.0,2
23 Mai 2025 12:00,TCL,BoostGate Esports,ULF Esports,over,total_barons 1.5,2.0,5.00%,3.33,3.5,BET365,url não disponível,win,0.0,2.5,3
23 Mai 2025 12:00,TCL,BoostGate Esports,ULF Esports,over,total_barons 1.5,1.0,5.00%,3.33,3.5,BET365,url não disponível,loss,0.0,-1.0,4
25 Mai 2025 12:00,LTA S,FURIA,Vivo Keyd Stars,under,total_dragons 4.5,5.0,21.57%,2.06,2.5,BET365,url não disponível,loss,0.0,-1.0,1
25 Mai 2025 12:00,LTA S,FURIA,Vivo Keyd Stars,under,total_dragons 4.5,3.0,21.57%,2.06,2.5,BET365,url não disponível,win,0.0,1.5,2
25 Mai 2025 12:00,LTA S,FURIA,Vivo Keyd Stars,under,total_dragons 4.5,4.0,21.57%,2.06,2.5,BET365,url não disponível,win,0.0,1.5,3
25 Mai 2025 12:00,LTA S,FURIA,Vivo Keyd Stars,under,game_duration 34.5,32.25,15.63%,1.58,1.83,BET365,url não disponível,win,0.0,0.83,1
25 Mai 2025 12:00,LTA S,FURIA,Vivo Keyd Stars,under,game_duration 34.5,27.9,15.63%,1.58,1.83,BET365,url não disponível,win,0.0,0.83,2
25 Mai 2025 12:00,LTA S,FURIA,Vivo Keyd Stars,under,game_duration 34.5,33.18,15.63%,1.58,1.83,BET365,url não disponível,win,0.0,0.83,3
25 Mai 2025 12:00,LTA S,FURIA,Vivo Keyd Stars,under,total_inhibitors 1.5,2.0,27.36%,1.49,1.9,BET365,url não disponível,loss,0.0,-1.0,1
25 Mai 2025 12:00,LTA S,FURIA,Vivo Keyd Stars,under,total_inhibitors 1.5,2.0,27.36%,1.49,1.9,BET365,url não disponível,loss,0.0,-1.0,2
25 Mai 2025 12:00,LTA S,FURIA,Vivo Keyd Stars,under,total_inhibitors 1.5,1.0,27.36%,1.49,1.9,BET365,url não disponível,win,0.0,0.9,3
25 Mai 2025 12:00,LTA S,FURIA,Vivo Keyd Stars,over,total_barons 1.5,1.0,17.58%,3.4,4.0,BET365,url não disponível,loss,0.0,-1.0,1
25 Mai 2025 12:00,LTA S,FURIA,Vivo Keyd Stars,over,total_barons 1.5,1.0,17.58%,3.4,4.0,BET365,url não disponível,loss,0.0,-1.0,2
25 Mai 2025 12:00,LTA S,FURIA,Vivo Keyd Stars,over,total_barons 1.5,1.0,17.58%,3.4,4.0,BET365,url não disponível,loss,0.0,-1.0,3
27 Mai 2025 06:00,LPL,Weibo Gaming,ThunderTalk Gaming,under,total_towers 12.5,14.0,22.40%,1.25,1.53,BET365,url não disponível,loss,0.0,-1.0,1
27 Mai 2025 06:00,LPL,Weibo Gaming,ThunderTalk Gaming,under,total_towers 12.5,11.0,22.40%,1.25,1.53,BET365,url não disponível,win,0.0,0.53,2
27 Mai 2025 06:00,LPL,Weibo Gaming,ThunderTalk Gaming,under,total_towers 12.5,11.0,22.40%,1.25,1.53,BET365,url não disponível,win,0.0,0.53,3
27 Mai 2025 06:00,LPL,Weibo Gaming,ThunderTalk Gaming,under,total_kills 29.5,27.0,18.95%,1.54,1.83,BET365,url não disponível,win,0.0,0.83,1
27 Mai 2025 06:00,LPL,Weibo Gaming,ThunderTalk Gaming,under,total_kills 29.5,27.0,18.95%,1.54,1.83,BET365,url não disponível,win,0.0,0.83,2
27 Mai 2025 06:00,LPL,Weibo Gaming,ThunderTalk Gaming,under,total_kills 29.5,29.0,18.95%,1.54,1.83,BET365,url não disponível,win,0.0,0.83,3
27 Mai 2025 06:00,LPL,Weibo Gaming,ThunderTalk Gaming,under,total_inhibitors 1.5,1.0,14.00%,1.67,1.9,BET365,url não disponível,win,0.0,0.9,1
27 Mai 2025 06:00,LPL,Weibo Gaming,ThunderTalk Gaming,under,total_inhibitors 1.5,2.0,14.00%,1.67,1.9,BET365,url não disponível,loss,0.0,-1.0,2
27 Mai 2025 06:00,LPL,Weibo Gaming,ThunderTalk Gaming,under,total_inhibitors 1.5,2.0,14.00%,1.67,1.9,BET365,url não disponível,loss,0.0,-1.0,3
23 Mai 2025 18:00,NACL,Winthrop University,Near Airport,over,total_kills 27.5,18.0,11.01%,1.65,1.83,BET365,url não disponível,loss,0.0,-1.0,1
23 Mai 2025 18:00,NACL,Winthrop University,Near Airport,over,total_kills 27.5,24.0,11.01%,1.65,1.83,BET365,url não disponível,loss,0.0,-1.0,2
23 Mai 2025 18:00,NACL,Winthrop University,Near Airport,over,total_kills 27.5,25.0,11.01%,1.65,1.83,BET365,url não disponível,loss,0.0,-1.0,3
28 Mai 2025 14:00,EBL,Partizan Sangal,SPIKE Syndicate,under,total_kills 33.5,29.0,12.30%,1.63,1.83,BET365,url não disponível,win,0.0,0.83,1
28 Mai 2025 14:00,EBL,Partizan Sangal,SPIKE Syndicate,under,total_kills 33.5,29.0,12.30%,1.63,1.83,BET365,url não disponível,win,0.0,0.83,2
28 Mai 2025 14:00,EBL,Partizan Sangal,SPIKE Syndicate,under,total_kills 33.5,26.0,12.30%,1.63,1.83,BET365,url não disponível,win,0.0,0.83,3
28 Mai 2025 14:00,EBL,Partizan Sangal,SPIKE Syndicate,under,total_kills 33.5,24.0,12.30%,1.63,1.83,BET365,url não disponível,win,0.0,0.83,4
28 Mai 2025 13:00,PRM,Berlin International Gaming,ROSSMANN Centaurs,under,game_duration 31.5,27.57,14.38%,1.6,1.83,BET365,url não disponível,win,0.0,0.83,1
28 Mai 2025 13:00,PRM,Berlin International Gaming,ROSSMANN Centaurs,under,game_duration 31.5,33.18,14.38%,1.6,1.83,BET365,url não disponível,loss,0.0,-1.0,2
28 Mai 2025 13:00,PRM,Berlin International Gaming,ROSSMANN Centaurs,under,game_duration 31.5,26.67,14.38%,1.6,1.83,BET365,url não disponível,win,0.0,0.83,3
28 Mai 2025 13:00,PRM,Berlin International Gaming,ROSSMANN Centaurs,under,game_duration 31.5,32.17,14.38%,1.6,1.83,BET365,url não disponível,loss,0.0,-1.0,4
31 Mai 2025 06:00,NLC,Los Ratones,The Ruddy Sack,under,total_kills 34.5,30.0,8.02%,1.69,1.83,BET365,url não disponível,win,0.0,0.83,1
31 Mai 2025 06:00,NLC,Los Ratones,The Ruddy Sack,under,total_kills 34.5,37.0,8.02%,1.69,1.83,BET365,url não disponível,loss,0.0,-1.0,2
31 Mai 2025 06:00,NLC,Los Ratones,The Ruddy Sack,under,total_kills 34.5,36.0,8.02%,1.69,1.83,BET365,url não disponível,loss,0.0,-1.0,3
31 Mai 2025 06:00,NLC,Los Ratones,The Ruddy Sack,over,game_duration 30.5,28.38,16.92%,1.57,1.83,BET365,url não disponível,loss,0.0,-1.0,1
31 Mai 2025 06:00,NLC,Los Ratones,The Ruddy Sack,over,game_duration 30.5,30.75,16.92%,1.57,1.83,BET365,url não disponível,win,0.0,0.83,2
31 Mai 2025 06:00,NLC,Los Ratones,The Ruddy Sack,over,game_duration 30.5,35.98,16.92%,1.57,1.83,BET365,url não disponível,win,0.0,0.83,3
31 Mai 2025 06:00,NLC,Los Ratones,The Ruddy Sack,over,total_inhibitors 1.5,3.0,12.30%,1.4,1.57,BET365,url não disponível,win,0.0,0.57,1
31 Mai 2025 06:00,NLC,Los Ratones,The Ruddy Sack,over,total_inhibitors 1.5,2.0,12.30%,1.4,1.57,BET365,url não disponível,win,0.0,0.57,2
31 Mai 2025 06:00,NLC,Los Ratones,The Ruddy Sack,over,total_inhibitors 1.5,3.0,12.30%,1.4,1.57,BET365,url não disponível,win,0.0,0.57,3
31 Mai 2025 06:00,NLC,Los Ratones,The Ruddy Sack,over,total_barons 1.5,1.0,12.85%,2.88,3.25,BET365,url não disponível,loss,0.0,-1.0,1
31 Mai 2025 06:00,NLC,Los Ratones,The Ruddy Sack,over,total_barons 1.5,1.0,12.85%,2.88,3.25,BET365,url não disponível,loss,0.0,-1.0,2
31 Mai 2025 06:00,NLC,Los Ratones,The Ruddy Sack,over,total_barons 1.5,1.0,12.85%,2.88,3.25,BET365,url não disponível,loss,0.0,-1.0,3
26 Mai 2025 06:00,LCKC,BNK FEARX Youth,Nongshim Esports Academy,under,total_kills 29.5,31.0,5.22%,1.74,1.83,BET365,url não disponível,loss,,-1.0,1
26 Mai 2025 06:00,LCKC,BNK FEARX Youth,Nongshim Esports Academy,under,total_kills 29.5,35.0,5.22%,1.74,1.83,BET365,url não disponível,loss,,-1.0,2
26 Mai 2025 06:00,LCKC,BNK FEARX Youth,Nongshim Esports Academy,under,total_kills 29.5,41.0,5.22%,1.74,1.83,BET365,url não disponível,loss,,-1.0,3
28 Mai 2025 13:00,LFL,Gentle Mates,BK ROG Esports,over,total_dragons 4.5,6.0,8.34%,1.49,1.61,BET365,url não disponível,win,,0.61,1
28 Mai 2025 13:00,LFL,Gentle Mates,BK ROG Esports,over,total_dragons 4.5,5.0,8.34%,1.49,1.61,BET365,url não disponível,win,,0.61,2
28 Mai 2025 13:00,LFL,Gentle Mates,BK ROG Esports,over,total_dragons 4.5,5.0,8.34%,1.49,1.61,BET365,url não disponível,win,,0.61,3
28 Mai 2025 13:00,LFL,Gentle Mates,BK ROG Esports,over,total_dragons 4.5,4.0,8.34%,1.49,1.61,BET365,url não disponível,loss,,-1.0,4
28 Mai 2025 13:00,LFL,Gentle Mates,BK ROG Esports,over,total_towers 12.5,14.0,13.68%,1.85,2.1,BET365,url não disponível,win,,1.1,1
28 Mai 2025 13:00,LFL,Gentle Mates,BK ROG Esports,over,total_towers 12.5,13.0,13.68%,1.85,2.1,BET365,url não disponível,win,,1.1,2
28 Mai 2025 13:00,LFL,Gentle Mates,BK ROG Esports,over,total_towers 12.5,13.0,13.68%,1.85,2.1,BET365,url não disponível,win,,1.1,3
28 Mai 2025 13:00,LFL,Gentle Mates,BK ROG Esports,over,total_towers 12.5,11.0,13.68%,1.85,2.1,BET365,url não disponível,loss,,-1.0,4
28 Mai 2025 13:00,LFL,Gentle Mates,BK ROG Esports,under,total_kills 28.5,19.0,18.33%,1.55,1.83,BET365,url não disponível,win,,0.83,1
28 Mai 2025 13:00,LFL,Gentle Mates,BK ROG Esports,under,total_kills 28.5,13.0,18.33%,1.55,1.83,BET365,url não disponível,win,,0.83,2
28 Mai 2025 13:00,LFL,Gentle Mates,BK ROG Esports,under,total_kills 28.5,26.0,18.33%,1.55,1.83,BET365,url não disponível,win,,0.83,3
28 Mai 2025 13:00,LFL,Gentle Mates,BK ROG Esports,under,total_kills 28.5,17.0,18.33%,1.55,1.83,BET365,url não disponível,win,,0.83,4
28 Mai 2025 13:00,LFL,Gentle Mates,BK ROG Esports,over,game_duration 34.5,45.42,10.08%,1.66,1.83,BET365,url não disponível,win,,0.83,1
28 Mai 2025 13:00,LFL,Gentle Mates,BK ROG Esports,over,game_duration 34.5,30.02,10.08%,1.66,1.83,BET365,url não disponível,loss,,-1.0,2
28 Mai 2025 13:00,LFL,Gentle Mates,BK ROG Esports,over,game_duration 34.5,36.15,10.08%,1.66,1.83,BET365,url não disponível,win,,0.83,3
28 Mai 2025 13:00,LFL,Gentle Mates,BK ROG Esports,over,game_duration 34.5,28.08,10.08%,1.66,1.83,BET365,url não disponível,loss,,-1.0,4
28 Mai 2025 13:00,LFL,Gentle Mates,BK ROG Esports,over,total_barons 1.5,3.0,33.55%,2.62,3.5,BET365,url não disponível,win,,2.5,1
28 Mai 2025 13:00,LFL,Gentle Mates,BK ROG Esports,over,total_barons 1.5,1.0,33.55%,2.62,3.5,BET365,url não disponível,loss,,-1.0,2
28 Mai 2025 13:00,LFL,Gentle Mates,BK ROG Esports,over,total_barons 1.5,2.0,33.55%,2.62,3.5,BET365,url não disponível,win,,2.5,3
28 Mai 2025 13:00,LFL,Gentle Mates,BK ROG Esports,over,total_barons 1.5,1.0,33.55%,2.62,3.5,BET365,url não disponível,loss,,-1.0,4
30 Mai 2025 12:00,TCL,Misa Esports,BoostGate Esports,under,total_dragons 4.5,5.0,12.74%,1.86,2.1,BET365,url não disponível,loss,,-1.0,1
30 Mai 2025 12:00,TCL,Misa Esports,BoostGate Esports,under,total_dragons 4.5,4.0,12.74%,1.86,2.1,BET365,url não disponível,win,,1.1,2
30 Mai 2025 12:00,TCL,Misa Esports,BoostGate Esports,under,total_dragons 4.5,5.0,12.74%,1.86,2.1,BET365,url não disponível,loss,,-1.0,3
30 Mai 2025 12:00,TCL,Misa Esports,BoostGate Esports,over,total_kills 36.5,58.0,11.41%,1.64,1.83,BET365,url não disponível,win,,0.83,1
30 Mai 2025 12:00,TCL,Misa Esports,BoostGate Esports,over,total_kills 36.5,30.0,11.41%,1.64,1.83,BET365,url não disponível,loss,,-1.0,2
30 Mai 2025 12:00,TCL,Misa Esports,BoostGate Esports,over,total_kills 36.5,29.0,11.41%,1.64,1.83,BET365,url não disponível,loss,,-1.0,3
30 Mai 2025 12:00,TCL,Misa Esports,BoostGate Esports,under,total_inhibitors 1.5,1.0,17.89%,1.7,2.0,BET365,url não disponível,win,,1.0,1
30 Mai 2025 12:00,TCL,Misa Esports,BoostGate Esports,under,total_inhibitors 1.5,1.0,17.89%,1.7,2.0,BET365,url não disponível,win,,1.0,2
30 Mai 2025 12:00,TCL,Misa Esports,BoostGate Esports,under,total_inhibitors 1.5,1.0,17.89%,1.7,2.0,BET365,url não disponível,win,,1.0,3
31 Mai 2025 13:00,LTA S,LOUD,Isurus Estral,under,total_towers 12.5,15.0,9.15%,1.58,1.72,BET365,url não disponível,loss,,-1.0,1
31 Mai 2025 13:00,LTA S,LOUD,Isurus Estral,under,total_towers 12.5,15.0,9.15%,1.58,1.72,BET365,url não disponível,loss,,-1.0,2
31 Mai 2025 13:00,LTA S,LOUD,Isurus Estral,under,total_towers 12.5,17.0,9.15%,1.58,1.72,BET365,url não disponível,loss,,-1.0,3
31 Mai 2025 13:00,LTA S,LOUD,Isurus Estral,under,total_towers 12.5,11.0,9.15%,1.58,1.72,BET365,url não disponível,win,,0.72,4
31 Mai 2025 13:00,LTA S,LOUD,Isurus Estral,under,total_inhibitors 1.5,1.0,11.73%,1.49,1.66,BET365,url não disponível,win,,0.66,1
31 Mai 2025 13:00,LTA S,LOUD,Isurus Estral,under,total_inhibitors 1.5,2.0,11.73%,1.49,1.66,BET365,url não disponível,loss,,-1.0,2
31 Mai 2025 13:00,LTA S,LOUD,Isurus Estral,under,total_inhibitors 1.5,1.0,11.73%,1.49,1.66,BET365,url não disponível,win,,0.66,3
31 Mai 2025 13:00,LTA S,LOUD,Isurus Estral,under,total_inhibitors 1.5,1.0,11.73%,1.49,1.66,BET365,url não disponível,win,,0.66,4
1 Jun 2025 05:00,LCK,Dplus KIA,Nongshim RedForce,under,total_dragons 4.5,4.0,7.50%,1.6,1.72,BET365,url não disponível,win,,0.72,1
1 Jun 2025 05:00,LCK,Dplus KIA,Nongshim RedForce,under,total_dragons 4.5,3.0,7.50%,1.6,1.72,BET365,url não disponível,win,,0.72,2
1 Jun 2025 05:00,LCK,Dplus KIA,Nongshim RedForce,under,total_dragons 4.5,3.0,7.50%,1.6,1.72,BET365,url não disponível,win,,0.72,3
1 Jun 2025 05:00,LCK,Dplus KIA,Nongshim RedForce,under,total_towers 11.5,9.0,10.00%,1.82,2.0,BET365,url não disponível,win,,1.0,1
1 Jun 2025 05:00,LCK,Dplus KIA,Nongshim RedForce,under,total_towers 11.5,11.0,10.00%,1.82,2.0,BET365,url não disponível,win,,1.0,2
1 Jun 2025 05:00,LCK,Dplus KIA,Nongshim RedForce,under,total_towers 11.5,15.0,10.00%,1.82,2.0,BET365,url não disponível,loss,,-1.0,3
1 Jun 2025 05:00,LCK,Dplus KIA,Nongshim RedForce,under,total_kills 29.5,36.0,5.22%,1.74,1.83,BET365,url não disponível,loss,,-1.0,1
1 Jun 2025 05:00,LCK,Dplus KIA,Nongshim RedForce,under,total_kills 29.5,23.0,5.22%,1.74,1.83,BET365,url não disponível,win,,0.83,2
1 Jun 2025 05:00,LCK,Dplus KIA,Nongshim RedForce,under,total_kills 29.5,33.0,5.22%,1.74,1.83,BET365,url não disponível,loss,,-1.0,3
1 Jun 2025 05:00,LCK,Dplus KIA,Nongshim RedForce,under,game_duration 33.5,29.1,32.67%,1.38,1.83,BET365,url não disponível,win,,0.83,1
1 Jun 2025 05:00,LCK,Dplus KIA,Nongshim RedForce,under,game_duration 33.5,27.18,32.67%,1.38,1.83,BET365,url não disponível,win,,0.83,2
1 Jun 2025 05:00,LCK,Dplus KIA,Nongshim RedForce,under,game_duration 33.5,27.97,32.67%,1.38,1.83,BET365,url não disponível,win,,0.83,3
1 Jun 2025 12:00,LEC,Karmine Corp,Team Heretics,over,total_inhibitors 1.5,2.0,10.47%,1.38,1.53,BET365,url não disponível,win,,0.53,1
1 Jun 2025 12:00,LEC,Karmine Corp,Team Heretics,over,total_inhibitors 1.5,1.0,10.47%,1.38,1.53,BET365,url não disponível,loss,,-1.0,2
1 Jun 2025 12:00,LEC,Karmine Corp,Team Heretics,over,total_inhibitors 1.5,1.0,10.47%,1.38,1.53,BET365,url não disponível,loss,,-1.0,3
1 Jun 2025 12:00,LEC,Karmine Corp,Team Heretics,over,total_inhibitors 1.5,2.0,10.47%,1.38,1.53,BET365,url não disponível,win,,0.53,4
1 Jun 2025 12:00,LEC,Karmine Corp,Team Heretics,over,total_barons 1.5,1.0,11.18%,3.6,4.0,BET365,url não disponível,loss,,-1.0,1
1 Jun 2025 12:00,LEC,Karmine Corp,Team Heretics,over,total_barons 1.5,2.0,11.18%,3.6,4.0,BET365,url não disponível,win,,3.0,2
1 Jun 2025 12:00,LEC,Karmine Corp,Team Heretics,over,total_barons 1.5,1.0,11.18%,3.6,4.0,BET365,url não disponível,loss,,-1.0,3
1 Jun 2025 12:00,LEC,Karmine Corp,Team Heretics,over,total_barons 1.5,1.0,11.18%,3.6,4.0,BET365,url não disponível,loss,,-1.0,4
1 Jun 2025 13:00,LTA S,Vivo Keyd Stars,RED Canids,under,game_duration 33.5,30.95,22.00%,1.5,1.83,BET365,url não disponível,win,,0.83,1
1 Jun 2025 13:00,LTA S,Vivo Keyd Stars,RED Canids,under,game_duration 33.5,29.35,22.00%,1.5,1.83,BET365,url não disponível,win,,0.83,2
1 Jun 2025 13:00,LTA S,Vivo Keyd Stars,RED Canids,under,game_duration 33.5,36.98,22.00%,1.5,1.83,BET365,url não disponível,loss,,-1.0,3
1 Jun 2025 13:00,LTA S,Vivo Keyd Stars,RED Canids,under,game_duration 33.5,27.02,22.00%,1.5,1.83,BET365,url não disponível,win,,0.83,4
27 Mai 2025 10:00,VCS,Saigon Dino,Mila Gaming,over,total_dragons 4.5,4.0,10.27%,2.15,2.37,BET365,url não disponível,loss,,-1.0,1
27 Mai 2025 10:00,VCS,Saigon Dino,Mila Gaming,under,total_kills 36.5,40.0,6.75%,1.71,1.83,BET365,url não disponível,loss,,-1.0,1
27 Mai 2025 10:00,VCS,Saigon Dino,Mila Gaming,under,total_inhibitors 1.5,2.0,18.75%,1.6,1.9,BET365,url não disponível,loss,,-1.0,1
27 Mai 2025 07:00,VCS,Saigon Secret,GenZ Gaming,over,total_dragons 4.5,3.0,13.03%,1.62,1.83,BET365,url não disponível,loss,,-1.0,1
27 Mai 2025 07:00,VCS,Saigon Secret,GenZ Gaming,over,total_towers 12.5,13.0,11.29%,1.55,1.72,BET365,url não disponível,win,,0.72,1
27 Mai 2025 07:00,VCS,Saigon Secret,GenZ Gaming,over,total_kills 35.5,52.0,18.41%,1.55,1.83,BET365,url não disponível,win,,0.83,1
27 Mai 2025 07:00,VCS,Saigon Secret,GenZ Gaming,over,game_duration 31.5,29.12,18.41%,1.55,1.83,BET365,url não disponível,loss,,-1.0,1
27 Mai 2025 07:00,VCS,Saigon Secret,GenZ Gaming,over,total_inhibitors 1.5,2.0,16.47%,1.55,1.8,BET365,url não disponível,win,,0.8,1
27 Mai 2025 07:00,VCS,Saigon Secret,GenZ Gaming,over,total_barons 1.5,1.0,11.76%,3.58,4.0,BET365,url não disponível,loss,,-1.0,1
27 Mai 2025 08:00,VCS,Team Flash,SN CyberCore Esports,under,total_dragons 4.5,4.0,12.88%,1.86,2.1,BET365,url não disponível,win,,1.1,1
27 Mai 2025 08:00,VCS,Team Flash,SN CyberCore Esports,under,total_kills 34.5,13.0,5.22%,1.74,1.83,BET365,url não disponível,win,,0.83,1
27 Mai 2025 08:00,VCS,Team Flash,SN CyberCore Esports,under,game_duration 32.5,27.17,14.38%,1.6,1.83,BET365,url não disponível,win,,0.83,1
27 Mai 2025 08:00,VCS,Team Flash,SN CyberCore Esports,under,total_inhibitors 1.5,1.0,18.95%,1.54,1.83,BET365,url não disponível,win,,0.83,1
27 Mai 2025 08:00,VCS,Team Flash,SN CyberCore Esports,under,total_barons 1.5,1.0,15.63%,1.08,1.25,BET365,url não disponível,win,,0.25,1
29 Mai 2025 07:00,LCK,KT Rolster,Gen.G,over,total_dragons 4.5,4.0,6.65%,2.22,2.37,BET365,url não disponível,loss,,-1.0,1
29 Mai 2025 07:00,LCK,KT Rolster,Gen.G,over,total_dragons 4.5,5.0,6.65%,2.22,2.37,BET365,url não disponível,win,,1.37,2
29 Mai 2025 07:00,LCK,KT Rolster,Gen.G,over,total_dragons 4.5,6.0,6.65%,2.22,2.37,BET365,url não disponível,win,,1.37,3
29 Mai 2025 07:00,LCK,KT Rolster,Gen.G,under,total_kills 27.5,22.0,5.22%,1.74,1.83,BET365,url não disponível,win,,0.83,1
29 Mai 2025 07:00,LCK,KT Rolster,Gen.G,under,total_kills 27.5,32.0,5.22%,1.74,1.83,BET365,url não disponível,loss,,-1.0,2
29 Mai 2025 07:00,LCK,KT Rolster,Gen.G,under,total_kills 27.5,21.0,5.22%,1.74,1.83,BET365,url não disponível,win,,0.83,3
29 Mai 2025 07:00,LCK,KT Rolster,Gen.G,under,game_duration 31.5,25.22,14.38%,1.6,1.83,BET365,url não disponível,win,,0.83,1
29 Mai 2025 07:00,LCK,KT Rolster,Gen.G,under,game_duration 31.5,29.6,14.38%,1.6,1.83,BET365,url não disponível,win,,0.83,2
29 Mai 2025 07:00,LCK,KT Rolster,Gen.G,under,game_duration 31.5,39.0,14.38%,1.6,1.83,BET365,url não disponível,loss,,-1.0,3
29 Mai 2025 07:00,LCK,KT Rolster,Gen.G,under,total_inhibitors 1.5,1.0,32.67%,1.38,1.83,BET365,url não disponível,win,,0.83,1
29 Mai 2025 07:00,LCK,KT Rolster,Gen.G,under,total_inhibitors 1.5,1.0,32.67%,1.38,1.83,BET365,url não disponível,win,,0.83,2
29 Mai 2025 07:00,LCK,KT Rolster,Gen.G,under,total_inhibitors 1.5,1.0,32.67%,1.38,1.83,BET365,url não disponível,win,,0.83,3
30 Mai 2025 07:00,LCK,Dplus KIA,DN Freecs,under,total_inhibitors 1.5,2.0,28.10%,1.43,1.83,BET365,url não disponível,loss,,-1.0,1
30 Mai 2025 07:00,LCK,Dplus KIA,DN Freecs,under,total_inhibitors 1.5,2.0,28.10%,1.43,1.83,BET365,url não disponível,loss,,-1.0,2
30 Mai 2025 07:00,LCK,Dplus KIA,DN Freecs,under,total_inhibitors 1.5,2.0,28.10%,1.43,1.83,BET365,url não disponível,loss,,-1.0,3
31 Mai 2025 03:00,LCK,KT Rolster,DRX,over,total_dragons 4.5,5.0,5.00%,2.0,2.1,BET365,url não disponível,win,,1.1,1
31 Mai 2025 03:00,LCK,KT Rolster,DRX,over,total_dragons 4.5,5.0,5.00%,2.0,2.1,BET365,url não disponível,win,,1.1,2
31 Mai 2025 03:00,LCK,KT Rolster,DRX,under,total_inhibitors 1.5,1.0,23.53%,1.48,1.83,BET365,url não disponível,win,,0.83,1
31 Mai 2025 03:00,LCK,KT Rolster,DRX,under,total_inhibitors 1.5,1.0,23.53%,1.48,1.83,BET365,url não disponível,win,,0.83,2
31 Mai 2025 17:00,LTA N,Team Liquid,Dignitas,over,total_dragons 4.5,4.0,32.90%,1.69,2.25,BET365,url não disponível,loss,,-1.0,1
31 Mai 2025 17:00,LTA N,Team Liquid,Dignitas,over,total_dragons 4.5,7.0,32.90%,1.69,2.25,BET365,url não disponível,win,,1.25,2
31 Mai 2025 17:00,LTA N,Team Liquid,Dignitas,over,total_dragons 4.5,4.0,32.90%,1.69,2.25,BET365,url não disponível,loss,,-1.0,3
31 Mai 2025 17:00,LTA N,Team Liquid,Dignitas,over,total_dragons 4.5,4.0,32.90%,1.69,2.25,BET365,url não disponível,loss,,-1.0,4
31 Mai 2025 17:00,LTA N,Team Liquid,Dignitas,over,total_towers 11.5,9.0,11.68%,1.34,1.5,BET365,url não disponível,loss,,-1.0,1
31 Mai 2025 17:00,LTA N,Team Liquid,Dignitas,over,total_towers 11.5,16.0,11.68%,1.34,1.5,BET365,url não disponível,win,,0.5,2
31 Mai 2025 17:00,LTA N,Team Liquid,Dignitas,over,total_towers 11.5,10.0,11.68%,1.34,1.5,BET365,url não disponível,loss,,-1.0,3
31 Mai 2025 17:00,LTA N,Team Liquid,Dignitas,over,total_towers 11.5,12.0,11.68%,1.34,1.5,BET365,url não disponível,win,,0.5,4
31 Mai 2025 17:00,LTA N,Team Liquid,Dignitas,over,total_kills 27.5,12.0,8.59%,1.69,1.83,BET365,url não disponível,loss,,-1.0,1
31 Mai 2025 17:00,LTA N,Team Liquid,Dignitas,over,total_kills 27.5,22.0,8.59%,1.69,1.83,BET365,url não disponível,loss,,-1.0,2
31 Mai 2025 17:00,LTA N,Team Liquid,Dignitas,over,total_kills 27.5,23.0,8.59%,1.69,1.83,BET365,url não disponível,loss,,-1.0,3
31 Mai 2025 17:00,LTA N,Team Liquid,Dignitas,over,total_kills 27.5,10.0,8.59%,1.69,1.83,BET365,url não disponível,loss,,-1.0,4
31 Mai 2025 17:00,LTA N,Team Liquid,Dignitas,over,game_duration 31.5,28.73,22.17%,1.5,1.83,BET365,url não disponível,loss,,-1.0,1
31 Mai 2025 17:00,LTA N,Team Liquid,Dignitas,over,game_duration 31.5,44.47,22.17%,1.5,1.83,BET365,url não disponível,win,,0.83,2
31 Mai 2025 17:00,LTA N,Team Liquid,Dignitas,over,game_duration 31.5,26.13,22.17%,1.5,1.83,BET365,url não disponível,loss,,-1.0,3
31 Mai 2025 17:00,LTA N,Team Liquid,Dignitas,over,game_duration 31.5,28.88,22.17%,1.5,1.83,BET365,url não disponível,loss,,-1.0,4
31 Mai 2025 17:00,LTA N,Team Liquid,Dignitas,over,total_barons 1.5,1.0,22.39%,4.49,5.5,BET365,url não disponível,loss,,-1.0,1
31 Mai 2025 17:00,LTA N,Team Liquid,Dignitas,over,total_barons 1.5,2.0,22.39%,4.49,5.5,BET365,url não disponível,win,,4.5,2
31 Mai 2025 17:00,LTA N,Team Liquid,Dignitas,over,total_barons 1.5,0.0,22.39%,4.49,5.5,BET365,url não disponível,loss,,-1.0,3
31 Mai 2025 17:00,LTA N,Team Liquid,Dignitas,over,total_barons 1.5,1.0,22.39%,4.49,5.5,BET365,url não disponível,loss,,-1.0,4
1 Jun 2025 03:00,LPL,Anyone's Legend,Team WE,over,total_inhibitors 1.5,5.0,12.50%,1.6,1.8,BET365,url não disponível,win,,0.8,1
1 Jun 2025 03:00,LPL,Anyone's Legend,Team WE,over,total_inhibitors 1.5,2.0,12.50%,1.6,1.8,BET365,url não disponível,win,,0.8,2
1 Jun 2025 03:00,LPL,Anyone's Legend,Team WE,over,total_inhibitors 1.5,1.0,12.50%,1.6,1.8,BET365,url não disponível,loss,,-1.0,3
28 Mai 2025 07:00,VCS,Saigon Secret,Saigon Dino,under,total_inhibitors 1.5,3.0,10.34%,1.66,1.83,BET365,url não disponível,loss,,-1.0,1
28 Mai 2025 07:00,VCS,Saigon Secret,Saigon Dino,under,total_inhibitors 1.5,1.0,10.34%,1.66,1.83,BET365,url não disponível,win,,0.83,2
28 Mai 2025 07:00,VCS,Saigon Secret,Saigon Dino,under,total_inhibitors 1.5,1.0,10.34%,1.66,1.83,BET365,url não disponível,win,,0.83,3
28 Mai 2025 07:00,VCS,Saigon Secret,Saigon Dino,under,total_barons 1.5,2.0,11.63%,1.09,1.22,BET365,url não disponível,loss,,-1.0,1
28 Mai 2025 07:00,VCS,Saigon Secret,Saigon Dino,under,total_barons 1.5,2.0,11.63%,1.09,1.22,BET365,url não disponível,loss,,-1.0,2
28 Mai 2025 07:00,VCS,Saigon Secret,Saigon Dino,under,total_barons 1.5,1.0,11.63%,1.09,1.22,BET365,url não disponível,win,,0.22,3
29 Mai 2025 02:00,LCKC,BNK FEARX Youth,KT Rolster Challengers,over,total_towers 11.5,11.0,12.50%,2.0,2.25,BET365,url não disponível,loss,,-1.0,1
29 Mai 2025 02:00,LCKC,BNK FEARX Youth,KT Rolster Challengers,over,total_towers 11.5,11.0,12.50%,2.0,2.25,BET365,url não disponível,loss,,-1.0,2
29 Mai 2025 02:00,LCKC,BNK FEARX Youth,KT Rolster Challengers,over,total_towers 11.5,12.0,12.50%,2.0,2.25,BET365,url não disponível,win,,1.25,3
29 Mai 2025 02:00,LCKC,Dplus KIA Challengers,Hanwha Life Esports Challengers,under,total_barons 1.5,2.0,13.05%,1.18,1.33,BET365,url não disponível,loss,,-1.0,1
29 Mai 2025 02:00,LCKC,Dplus KIA Challengers,Hanwha Life Esports Challengers,under,total_barons 1.5,2.0,13.05%,1.18,1.33,BET365,url não disponível,loss,,-1.0,2
29 Mai 2025 02:00,LCKC,Gen.G Global Academy,Nongshim Esports Academy,under,total_barons 1.5,2.0,15.20%,1.25,1.44,BET365,url não disponível,loss,,-1.0,1
29 Mai 2025 02:00,LCKC,Gen.G Global Academy,Nongshim Esports Academy,under,total_barons 1.5,2.0,15.20%,1.25,1.44,BET365,url não disponível,loss,,-1.0,2
29 Mai 2025 10:00,VCS,GenZ Gaming,SN CyberCore Esports,over,total_dragons 4.5,4.0,30.62%,1.45,1.9,BET365,url não disponível,loss,,-1.0,1
29 Mai 2025 10:00,VCS,GenZ Gaming,SN CyberCore Esports,over,total_dragons 4.5,5.0,30.62%,1.45,1.9,BET365,url não disponível,win,,0.9,2
29 Mai 2025 10:00,VCS,GenZ Gaming,SN CyberCore Esports,over,total_towers 12.5,11.0,65.00%,1.33,2.2,BET365,url não disponível,loss,,-1.0,1
29 Mai 2025 10:00,VCS,GenZ Gaming,SN CyberCore Esports,over,total_towers 12.5,12.0,65.00%,1.33,2.2,BET365,url não disponível,loss,,-1.0,2
29 Mai 2025 10:00,VCS,GenZ Gaming,SN CyberCore Esports,over,total_kills 35.5,25.0,14.38%,1.6,1.83,BET365,url não disponível,loss,,-1.0,1
29 Mai 2025 10:00,VCS,GenZ Gaming,SN CyberCore Esports,over,total_kills 35.5,31.0,14.38%,1.6,1.83,BET365,url não disponível,loss,,-1.0,2
29 Mai 2025 10:00,VCS,GenZ Gaming,SN CyberCore Esports,over,game_duration 31.5,26.6,25.81%,1.45,1.83,BET365,url não disponível,loss,,-1.0,1
29 Mai 2025 10:00,VCS,GenZ Gaming,SN CyberCore Esports,over,game_duration 31.5,39.97,25.81%,1.45,1.83,BET365,url não disponível,win,,0.83,2
29 Mai 2025 10:00,VCS,GenZ Gaming,SN CyberCore Esports,over,total_inhibitors 1.5,1.0,14.38%,1.6,1.83,BET365,url não disponível,loss,,-1.0,1
29 Mai 2025 10:00,VCS,GenZ Gaming,SN CyberCore Esports,over,total_inhibitors 1.5,1.0,14.38%,1.6,1.83,BET365,url não disponível,loss,,-1.0,2
29 Mai 2025 07:00,VCS,Never Give Up,Mila Gaming,under,total_towers 12.5,12.0,19.23%,1.44,1.72,BET365,url não disponível,win,,0.72,1
29 Mai 2025 07:00,VCS,Never Give Up,Mila Gaming,under,total_towers 12.5,14.0,19.23%,1.44,1.72,BET365,url não disponível,loss,,-1.0,2
29 Mai 2025 07:00,VCS,Never Give Up,Mila Gaming,under,total_towers 12.5,13.0,19.23%,1.44,1.72,BET365,url não disponível,loss,,-1.0,3
29 Mai 2025 07:00,VCS,Never Give Up,Mila Gaming,under,game_duration 31.5,28.97,10.22%,1.66,1.83,BET365,url não disponível,win,,0.83,1
29 Mai 2025 07:00,VCS,Never Give Up,Mila Gaming,under,game_duration 31.5,32.18,10.22%,1.66,1.83,BET365,url não disponível,loss,,-1.0,2
29 Mai 2025 07:00,VCS,Never Give Up,Mila Gaming,under,game_duration 31.5,31.25,10.22%,1.66,1.83,BET365,url não disponível,win,,0.83,3
29 Mai 2025 07:00,VCS,Never Give Up,Mila Gaming,under,total_inhibitors 1.5,3.0,18.53%,1.54,1.83,BET365,url não disponível,loss,,-1.0,1
29 Mai 2025 07:00,VCS,Never Give Up,Mila Gaming,under,total_inhibitors 1.5,2.0,18.53%,1.54,1.83,BET365,url não disponível,loss,,-1.0,2
29 Mai 2025 07:00,VCS,Never Give Up,Mila Gaming,under,total_inhibitors 1.5,3.0,18.53%,1.54,1.83,BET365,url não disponível,loss,,-1.0,3
31 Mai 2025 03:00,LPL,Top Esports,FunPlus Phoenix,under,total_kills 32.5,31.0,18.95%,1.54,1.83,BET365,url não disponível,win,,0.83,1
31 Mai 2025 03:00,LPL,Top Esports,FunPlus Phoenix,under,total_kills 32.5,27.0,18.95%,1.54,1.83,BET365,url não disponível,win,,0.83,2
31 Mai 2025 03:00,LPL,Top Esports,FunPlus Phoenix,under,total_kills 32.5,27.0,18.95%,1.54,1.83,BET365,url não disponível,win,,0.83,3
31 Mai 2025 03:00,LPL,Top Esports,FunPlus Phoenix,under,total_kills 32.5,37.0,18.95%,1.54,1.83,BET365,url não disponível,loss,,-1.0,4
31 Mai 2025 03:00,LPL,Top Esports,FunPlus Phoenix,over,total_barons 1.5,0.0,10.50%,3.08,3.4,BET365,url não disponível,loss,,-1.0,1
31 Mai 2025 03:00,LPL,Top Esports,FunPlus Phoenix,over,total_barons 1.5,1.0,10.50%,3.08,3.4,BET365,url não disponível,loss,,-1.0,2
31 Mai 2025 03:00,LPL,Top Esports,FunPlus Phoenix,over,total_barons 1.5,1.0,10.50%,3.08,3.4,BET365,url não disponível,loss,,-1.0,3
31 Mai 2025 03:00,LPL,Top Esports,FunPlus Phoenix,over,total_barons 1.5,1.0,10.50%,3.08,3.4,BET365,url não disponível,loss,,-1.0,4
29 Mai 2025 13:00,PRM,Kaufland Hangry Knights,ROSSMANN Centaurs,under,game_duration 31.5,30.43,18.95%,1.54,1.83,BET365,url não disponível,win,,0.83,1
29 Mai 2025 13:00,PRM,Kaufland Hangry Knights,ROSSMANN Centaurs,under,game_duration 31.5,40.57,18.95%,1.54,1.83,BET365,url não disponível,loss,,-1.0,2
29 Mai 2025 13:00,PRM,Kaufland Hangry Knights,ROSSMANN Centaurs,under,game_duration 31.5,36.68,18.95%,1.54,1.83,BET365,url não disponível,loss,,-1.0,3
29 Mai 2025 13:00,PRM,Kaufland Hangry Knights,ROSSMANN Centaurs,under,game_duration 31.5,36.72,18.95%,1.54,1.83,BET365,url não disponível,loss,,-1.0,4
29 Mai 2025 13:00,PRM,Kaufland Hangry Knights,ROSSMANN Centaurs,under,game_duration 31.5,26.65,18.95%,1.54,1.83,BET365,url não disponível,win,,0.83,5
30 Mai 2025 02:00,LCKC,DN Freecs Challengers,OKSavingsBank BRION Challengers,under,game_duration 34.5,43.1,14.38%,1.6,1.83,BET365,url não disponível,loss,,-1.0,1
30 Mai 2025 02:00,LCKC,DN Freecs Challengers,OKSavingsBank BRION Challengers,under,game_duration 34.5,26.15,14.38%,1.6,1.83,BET365,url não disponível,win,,0.83,2
30 Mai 2025 02:00,LCKC,DN Freecs Challengers,OKSavingsBank BRION Challengers,under,game_duration 34.5,35.9,14.38%,1.6,1.83,BET365,url não disponível,loss,,-1.0,3
30 Mai 2025 13:00,PRM,CGN Esports,Berlin International Gaming,over,total_towers 12.5,9.0,22.50%,1.71,2.1,BET365,url não disponível,loss,,-1.0,1
30 Mai 2025 13:00,PRM,CGN Esports,Berlin International Gaming,over,total_towers 12.5,14.0,22.50%,1.71,2.1,BET365,url não disponível,win,,1.1,2
30 Mai 2025 13:00,PRM,CGN Esports,Berlin International Gaming,over,total_towers 12.5,11.0,22.50%,1.71,2.1,BET365,url não disponível,loss,,-1.0,3
30 Mai 2025 13:00,PRM,CGN Esports,Berlin International Gaming,over,total_towers 12.5,15.0,22.50%,1.71,2.1,BET365,url não disponível,win,,1.1,4
30 Mai 2025 13:00,PRM,CGN Esports,Berlin International Gaming,over,total_towers 12.5,11.0,22.50%,1.71,2.1,BET365,url não disponível,loss,,-1.0,5
31 Mai 2025 12:00,LEC,Fnatic,GiantX,under,total_towers 12.5,12.0,27.13%,1.49,1.9,BET365,url não disponível,win,,0.9,1
31 Mai 2025 12:00,LEC,Fnatic,GiantX,under,total_towers 12.5,10.0,27.13%,1.49,1.9,BET365,url não disponível,win,,0.9,2
31 Mai 2025 12:00,LEC,Fnatic,GiantX,under,total_towers 12.5,11.0,27.13%,1.49,1.9,BET365,url não disponível,win,,0.9,3
31 Mai 2025 12:00,LEC,Fnatic,GiantX,under,total_towers 12.5,12.0,27.13%,1.49,1.9,BET365,url não disponível,win,,0.9,4
31 Mai 2025 12:00,LEC,Fnatic,GiantX,under,game_duration 33.5,33.93,22.11%,1.5,1.83,BET365,url não disponível,loss,,-1.0,1
31 Mai 2025 12:00,LEC,Fnatic,GiantX,under,game_duration 33.5,28.48,22.11%,1.5,1.83,BET365,url não disponível,win,,0.83,2
31 Mai 2025 12:00,LEC,Fnatic,GiantX,under,game_duration 33.5,33.1,22.11%,1.5,1.83,BET365,url não disponível,win,,0.83,3
31 Mai 2025 12:00,LEC,Fnatic,GiantX,under,game_duration 33.5,33.63,22.11%,1.5,1.83,BET365,url não disponível,loss,,-1.0,4
4 Jun 2025 10:00,LJL,QT DIG∞,Burning Core Toyama,under,total_kills 34.5,31.0,27.89%,1.43,1.83,BET365,url não disponível,win,,0.83,1
4 Jun 2025 10:00,VCS,Mila Gaming,GenZ Gaming,over,total_kills 35.5,46.0,23.53%,1.48,1.83,BET365,url não disponível,win,,0.83,1
4 Jun 2025 10:00,VCS,Mila Gaming,GenZ Gaming,over,total_kills 35.5,52.0,23.53%,1.48,1.83,BET365,url não disponível,win,,0.83,2
30 Mai 2025 09:00,LCP,GAM Esports,MGN Vikings Esports,under,game_duration 32.5,44.35,18.41%,1.55,1.83,BET365,url não disponível,loss,,-1.0,1
30 Mai 2025 09:00,LCP,GAM Esports,MGN Vikings Esports,under,game_duration 32.5,45.07,18.41%,1.55,1.83,BET365,url não disponível,loss,,-1.0,2
30 Mai 2025 09:00,LCP,GAM Esports,MGN Vikings Esports,under,game_duration 32.5,40.0,18.41%,1.55,1.83,BET365,url não disponível,loss,,-1.0,3
30 Mai 2025 09:00,LCP,GAM Esports,MGN Vikings Esports,under,total_barons 1.5,2.0,17.65%,1.06,1.25,BET365,url não disponível,loss,,-1.0,1
30 Mai 2025 09:00,LCP,GAM Esports,MGN Vikings Esports,under,total_barons 1.5,2.0,17.65%,1.06,1.25,BET365,url não disponível,loss,,-1.0,2
30 Mai 2025 09:00,LCP,GAM Esports,MGN Vikings Esports,under,total_barons 1.5,1.0,17.65%,1.06,1.25,BET365,url não disponível,win,,0.25,3
1 Jun 2025 03:00,LCK,Hanwha Life Esports,BNK FEARX,over,total_dragons 4.5,4.0,18.13%,1.9,2.25,BET365,url não disponível,loss,,-1.0,1
1 Jun 2025 03:00,LCK,Hanwha Life Esports,BNK FEARX,over,total_dragons 4.5,4.0,18.13%,1.9,2.25,BET365,url não disponível,loss,,-1.0,2
1 Jun 2025 03:00,LCK,Hanwha Life Esports,BNK FEARX,under,total_inhibitors 1.5,1.0,32.67%,1.38,1.83,BET365,url não disponível,win,,0.83,1
1 Jun 2025 03:00,LCK,Hanwha Life Esports,BNK FEARX,under,total_inhibitors 1.5,1.0,32.67%,1.38,1.83,BET365,url não disponível,win,,0.83,2
3 Jun 2025 07:00,VCS,SN CyberCore Esports,Never Give Up,over,total_kills 32.5,37.0,20.89%,1.51,1.83,BET365,url não disponível,win,,0.83,1
3 Jun 2025 07:00,VCS,SN CyberCore Esports,Never Give Up,over,total_kills 32.5,28.0,20.89%,1.51,1.83,BET365,url não disponível,loss,,-1.0,2
3 Jun 2025 07:00,VCS,SN CyberCore Esports,Never Give Up,over,total_kills 32.5,46.0,20.89%,1.51,1.83,BET365,url não disponível,win,,0.83,3
3 Jun 2025 07:00,VCS,SN CyberCore Esports,Never Give Up,under,total_inhibitors 1.5,1.0,15.73%,1.64,1.9,BET365,url não disponível,win,,0.9,1
3 Jun 2025 07:00,VCS,SN CyberCore Esports,Never Give Up,under,total_inhibitors 1.5,1.0,15.73%,1.64,1.9,BET365,url não disponível,win,,0.9,2
3 Jun 2025 07:00,VCS,SN CyberCore Esports,Never Give Up,under,total_inhibitors 1.5,3.0,15.73%,1.64,1.9,BET365,url não disponível,loss,,-1.0,3
3 Jun 2025 07:00,VCS,SN CyberCore Esports,Never Give Up,under,total_barons 1.5,1.0,13.65%,1.13,1.28,BET365,url não disponível,win,,0.28,1
3 Jun 2025 07:00,VCS,SN CyberCore Esports,Never Give Up,under,total_barons 1.5,1.0,13.65%,1.13,1.28,BET365,url não disponível,win,,0.28,2
3 Jun 2025 07:00,VCS,SN CyberCore Esports,Never Give Up,under,total_barons 1.5,1.0,13.65%,1.13,1.28,BET365,url não disponível,win,,0.28,3
31 Mai 2025 06:30,LCP,CTBC Flying Oyster,GAM Esports,under,total_barons 1.5,1.0,11.00%,1.08,1.2,BET365,url não disponível,win,,0.2,1
31 Mai 2025 06:30,LCP,CTBC Flying Oyster,GAM Esports,under,total_barons 1.5,1.0,11.00%,1.08,1.2,BET365,url não disponível,win,,0.2,2
31 Mai 2025 06:30,LCP,CTBC Flying Oyster,GAM Esports,under,total_barons 1.5,1.0,11.00%,1.08,1.2,BET365,url não disponível,win,,0.2,3
31 Mai 2025 09:00,LCP,Team Secret Whales,TALON,under,total_towers 12.5,16.0,24.91%,1.26,1.57,BET365,url não disponível,loss,,-1.0,1
31 Mai 2025 09:00,LCP,Team Secret Whales,TALON,under,total_towers 12.5,9.0,24.91%,1.26,1.57,BET365,url não disponível,win,,0.57,2
31 Mai 2025 09:00,LCP,Team Secret Whales,TALON,under,total_kills 25.5,22.0,18.68%,1.54,1.83,BET365,url não disponível,win,,0.83,1
31 Mai 2025 09:00,LCP,Team Secret Whales,TALON,under,total_kills 25.5,19.0,18.68%,1.54,1.83,BET365,url não disponível,win,,0.83,2
31 Mai 2025 09:00,LCP,Team Secret Whales,TALON,under,game_duration 31.5,33.68,10.34%,1.66,1.83,BET365,url não disponível,loss,,-1.0,1
31 Mai 2025 09:00,LCP,Team Secret Whales,TALON,under,game_duration 31.5,28.03,10.34%,1.66,1.83,BET365,url não disponível,win,,0.83,2
31 Mai 2025 09:00,LCP,Team Secret Whales,TALON,under,total_inhibitors 1.5,3.0,30.59%,1.53,2.0,BET365,url não disponível,loss,,-1.0,1
31 Mai 2025 09:00,LCP,Team Secret Whales,TALON,under,total_inhibitors 1.5,1.0,30.59%,1.53,2.0,BET365,url não disponível,win,,1.0,2
31 Mai 2025 09:00,LCP,Team Secret Whales,TALON,under,total_barons 1.5,1.0,12.50%,1.11,1.25,BET365,url não disponível,win,,0.25,1
31 Mai 2025 09:00,LCP,Team Secret Whales,TALON,under,total_barons 1.5,1.0,12.50%,1.11,1.25,BET365,url não disponível,win,,0.25,2
2 Jun 2025 06:00,LPL,Top Esports,Bilibili Gaming,under,total_towers 12.5,12.0,12.05%,1.48,1.66,BET365,url não disponível,win,,0.66,1
2 Jun 2025 06:00,LPL,Top Esports,Bilibili Gaming,under,total_towers 12.5,12.0,12.05%,1.48,1.66,BET365,url não disponível,win,,0.66,2
2 Jun 2025 06:00,LPL,Top Esports,Bilibili Gaming,under,total_towers 12.5,9.0,12.05%,1.48,1.66,BET365,url não disponível,win,,0.66,3
2 Jun 2025 06:00,LPL,Top Esports,Bilibili Gaming,under,game_duration 33.5,28.47,32.67%,1.38,1.83,BET365,url não disponível,win,,0.83,1
2 Jun 2025 06:00,LPL,Top Esports,Bilibili Gaming,under,game_duration 33.5,33.93,32.67%,1.38,1.83,BET365,url não disponível,loss,,-1.0,2
2 Jun 2025 06:00,LPL,Top Esports,Bilibili Gaming,under,game_duration 33.5,24.97,32.67%,1.38,1.83,BET365,url não disponível,win,,0.83,3
2 Jun 2025 06:00,LPL,Top Esports,Bilibili Gaming,under,total_inhibitors 1.5,2.0,10.00%,1.82,2.0,BET365,url não disponível,loss,,-1.0,1
2 Jun 2025 06:00,LPL,Top Esports,Bilibili Gaming,under,total_inhibitors 1.5,2.0,10.00%,1.82,2.0,BET365,url não disponível,loss,,-1.0,2
2 Jun 2025 06:00,LPL,Top Esports,Bilibili Gaming,under,total_inhibitors 1.5,1.0,10.00%,1.82,2.0,BET365,url não disponível,win,,1.0,3
3 Jun 2025 06:00,LPL,Anyone's Legend,Weibo Gaming,under,total_towers 12.5,11.0,10.92%,1.38,1.53,BET365,url não disponível,win,,0.53,1
3 Jun 2025 06:00,LPL,Anyone's Legend,Weibo Gaming,under,total_towers 12.5,13.0,10.92%,1.38,1.53,BET365,url não disponível,loss,,-1.0,2
3 Jun 2025 06:00,LPL,Anyone's Legend,Weibo Gaming,under,total_towers 12.5,10.0,10.92%,1.38,1.53,BET365,url não disponível,win,,0.53,3
3 Jun 2025 06:00,LPL,Anyone's Legend,Weibo Gaming,under,total_towers 12.5,11.0,10.92%,1.38,1.53,BET365,url não disponível,win,,0.53,4
3 Jun 2025 06:00,LPL,Anyone's Legend,Weibo Gaming,over,total_barons 1.5,1.0,12.50%,3.33,3.75,BET365,url não disponível,loss,,-1.0,1
3 Jun 2025 06:00,LPL,Anyone's Legend,Weibo Gaming,over,total_barons 1.5,2.0,12.50%,3.33,3.75,BET365,url não disponível,win,,2.75,2
3 Jun 2025 06:00,LPL,Anyone's Legend,Weibo Gaming,over,total_barons 1.5,0.0,12.50%,3.33,3.75,BET365,url não disponível,loss,,-1.0,3
3 Jun 2025 06:00,LPL,Anyone's Legend,Weibo Gaming,over,total_barons 1.5,1.0,12.50%,3.33,3.75,BET365,url não disponível,loss,,-1.0,4
4 Jun 2025 05:00,LCK,Dplus KIA,KT Rolster,under,total_towers 12.5,13.0,14.75%,1.33,1.53,BET365,url não disponível,loss,,-1.0,1
4 Jun 2025 05:00,LCK,Dplus KIA,KT Rolster,under,total_towers 12.5,10.0,14.75%,1.33,1.53,BET365,url não disponível,win,,0.53,2
4 Jun 2025 05:00,LCK,Dplus KIA,KT Rolster,under,total_towers 12.5,14.0,14.75%,1.33,1.53,BET365,url não disponível,loss,,-1.0,3
4 Jun 2025 05:00,LCK,Dplus KIA,KT Rolster,under,game_duration 32.5,37.2,32.67%,1.38,1.83,BET365,url não disponível,loss,,-1.0,1
4 Jun 2025 05:00,LCK,Dplus KIA,KT Rolster,under,game_duration 32.5,35.43,32.67%,1.38,1.83,BET365,url não disponível,loss,,-1.0,2
4 Jun 2025 05:00,LCK,Dplus KIA,KT Rolster,under,game_duration 32.5,35.5,32.67%,1.38,1.83,BET365,url não disponível,loss,,-1.0,3
4 Jun 2025 06:00,LPL,FunPlus Phoenix,Invictus Gaming,under,total_kills 32.5,31.0,37.25%,1.33,1.83,BET365,url não disponível,win,,0.83,1
4 Jun 2025 06:00,LPL,FunPlus Phoenix,Invictus Gaming,under,total_kills 32.5,42.0,37.25%,1.33,1.83,BET365,url não disponível,loss,,-1.0,2
4 Jun 2025 06:00,LPL,FunPlus Phoenix,Invictus Gaming,under,total_kills 32.5,28.0,37.25%,1.33,1.83,BET365,url não disponível,win,,0.83,3
4 Jun 2025 06:00,LPL,FunPlus Phoenix,Invictus Gaming,under,total_kills 32.5,36.0,37.25%,1.33,1.83,BET365,url não disponível,loss,,-1.0,4
4 Jun 2025 06:00,LPL,FunPlus Phoenix,Invictus Gaming,under,total_kills 32.5,27.0,37.25%,1.33,1.83,BET365,url não disponível,win,,0.83,5
5 Jun 2025 06:00,LPL,Team WE,JD Gaming,under,total_dragons 4.5,4.0,12.50%,1.6,1.8,BET365,url não disponível,win,,0.8,1
5 Jun 2025 06:00,LPL,Team WE,JD Gaming,under,total_dragons 4.5,3.0,12.50%,1.6,1.8,BET365,url não disponível,win,,0.8,2
5 Jun 2025 06:00,LPL,Team WE,JD Gaming,under,total_dragons 4.5,5.0,12.50%,1.6,1.8,BET365,url não disponível,loss,,-1.0,3
5 Jun 2025 06:00,LPL,Team WE,JD Gaming,under,total_dragons 4.5,4.0,12.50%,1.6,1.8,BET365,url não disponível,win,,0.8,4
6 Jun 2025 06:30,LCP,GAM Esports,Team Secret Whales,under,total_towers 12.5,12.0,20.33%,1.34,1.61,BET365,url não disponível,win,,0.61,1
6 Jun 2025 06:30,LCP,GAM Esports,Team Secret Whales,under,total_towers 12.5,8.0,20.33%,1.34,1.61,BET365,url não disponível,win,,0.61,2
6 Jun 2025 06:30,LCP,GAM Esports,Team Secret Whales,under,total_towers 12.5,10.0,20.33%,1.34,1.61,BET365,url não disponível,win,,0.61,3
6 Jun 2025 06:30,LCP,GAM Esports,Team Secret Whales,under,total_towers 12.5,9.0,20.33%,1.34,1.61,BET365,url não disponível,win,,0.61,4
6 Jun 2025 06:30,LCP,GAM Esports,Team Secret Whales,under,total_kills 25.5,32.0,17.25%,1.62,1.9,BET365,url não disponível,loss,,-1.0,1
6 Jun 2025 06:30,LCP,GAM Esports,Team Secret Whales,under,total_kills 25.5,29.0,17.25%,1.62,1.9,BET365,url não disponível,loss,,-1.0,2
6 Jun 2025 06:30,LCP,GAM Esports,Team Secret Whales,under,total_kills 25.5,22.0,17.25%,1.62,1.9,BET365,url não disponível,win,,0.9,3
6 Jun 2025 06:30,LCP,GAM Esports,Team Secret Whales,under,total_kills 25.5,25.0,17.25%,1.62,1.9,BET365,url não disponível,win,,0.9,4
6 Jun 2025 06:30,LCP,GAM Esports,Team Secret Whales,under,total_inhibitors 1.5,1.0,18.42%,1.69,2.0,BET365,url não disponível,win,,1.0,1
6 Jun 2025 06:30,LCP,GAM Esports,Team Secret Whales,under,total_inhibitors 1.5,1.0,18.42%,1.69,2.0,BET365,url não disponível,win,,1.0,2
6 Jun 2025 06:30,LCP,GAM Esports,Team Secret Whales,under,total_inhibitors 1.5,1.0,18.42%,1.69,2.0,BET365,url não disponível,win,,1.0,3
6 Jun 2025 06:30,LCP,GAM Esports,Team Secret Whales,under,total_inhibitors 1.5,1.0,18.42%,1.69,2.0,BET365,url não disponível,win,,1.0,4
6 Jun 2025 06:30,LCP,GAM Esports,Team Secret Whales,under,total_barons 1.5,1.0,15.63%,1.08,1.25,BET365,url não disponível,win,,0.25,1
6 Jun 2025 06:30,LCP,GAM Esports,Team Secret Whales,under,total_barons 1.5,0.0,15.63%,1.08,1.25,BET365,url não disponível,win,,0.25,2
6 Jun 2025 06:30,LCP,GAM Esports,Team Secret Whales,under,total_barons 1.5,0.0,15.63%,1.08,1.25,BET365,url não disponível,win,,0.25,3
6 Jun 2025 06:30,LCP,GAM Esports,Team Secret Whales,under,total_barons 1.5,1.0,15.63%,1.08,1.25,BET365,url não disponível,win,,0.25,4
4 Jun 2025 07:00,VCS,SN CyberCore Esports,Saigon Secret,under,total_kills 35.5,28.0,20.26%,1.52,1.83,BET365,url não disponível,win,,0.83,1
4 Jun 2025 07:00,VCS,SN CyberCore Esports,Saigon Secret,under,total_kills 35.5,24.0,20.26%,1.52,1.83,BET365,url não disponível,win,,0.83,2
4 Jun 2025 07:00,VCS,SN CyberCore Esports,Saigon Secret,under,total_kills 35.5,45.0,20.26%,1.52,1.83,BET365,url não disponível,loss,,-1.0,3
4 Jun 2025 07:00,VCS,SN CyberCore Esports,Saigon Secret,under,total_inhibitors 1.5,2.0,19.16%,1.39,1.66,BET365,url não disponível,loss,,-1.0,1
4 Jun 2025 07:00,VCS,SN CyberCore Esports,Saigon Secret,under,total_inhibitors 1.5,1.0,19.16%,1.39,1.66,BET365,url não disponível,win,,0.66,2
4 Jun 2025 07:00,VCS,SN CyberCore Esports,Saigon Secret,under,total_inhibitors 1.5,1.0,19.16%,1.39,1.66,BET365,url não disponível,win,,0.66,3
